Sequence,ensemble_mean_prob,model1_prob,model2_prob,model3_prob,model4_prob,model5_prob,model6_prob
NRRQRWWKKLKKYIKKKWRK,0.9984550833333333,0.999002,0.99604934,0.99735326,0.9996038,0.9992244,0.9994977
RWKKYIQLKKWYIKKKKGRK,0.9984218133333332,0.9988629,0.9950177,0.99823713,0.99963725,0.9993622,0.9994137
RKGKYYLFKKYIKKWKWKRK,0.9983919883333332,0.9988924,0.99515843,0.9979701,0.9996761,0.99922186,0.99943304
KKYRYYMKLWKIKKKKKGRK,0.9983153950000001,0.9986989,0.99469745,0.99818295,0.99963796,0.99931425,0.99936086
HRKRWKIWRFLNKKKAKKIK,0.99830165,0.9989526,0.99476117,0.99812925,0.9996264,0.99928033,0.99906015
RRWRVCKYQKRRRCRCKRRK,0.9980933883333333,0.9986817,0.99532753,0.9967176,0.999348,0.99894845,0.99953705
YWKKYQYLKKWWWEKKKGRK,0.9980869000000001,0.9983718,0.9949696,0.9972676,0.9995563,0.9988739,0.9994822
KRGKYYYLKNWKIKKKKGRK,0.99807459,0.99837846,0.9943997,0.99771494,0.99959654,0.9990867,0.9992712
HWRKRKIFQRLKKKIKTKKI,0.9980284483333334,0.99886894,0.99369335,0.9979265,0.9994625,0.9992587,0.9989607
HWWTRTTKKYLRLKKIKKKK,0.9979830333333334,0.9985016,0.9941655,0.9976306,0.9995757,0.9990135,0.9990113
EKKKYYYIIIKKIKKKGWRK,0.9978980166666666,0.9982863,0.9937311,0.9974299,0.9994848,0.9991763,0.9992797
TKKFYRKYLKKNEIKKKWRK,0.9978571583333333,0.9984282,0.9932406,0.9975986,0.99953365,0.9991878,0.9991541
NTRWKKYLKKYIKKKKKGRK,0.9978459033333333,0.9982161,0.9938048,0.99733657,0.9994663,0.9991785,0.99907315
NRTWKIWRYLKKEIKKWKKR,0.9978301250000001,0.9985356,0.993987,0.9969529,0.9994241,0.9988904,0.99919075
RRQKRVIVLRRKRRRRRRKT,0.9977641066666667,0.9988151,0.9938363,0.9965207,0.9988947,0.99907994,0.9994379
NKGRKRQYYLKNKIKKWKRK,0.9976628550000001,0.99810016,0.9941612,0.99631876,0.9994604,0.99881876,0.99911785
YKKKYRFIKKWLEIKKWGRW,0.9975906216666667,0.99831283,0.9921345,0.9974411,0.9992918,0.9990733,0.9992902
WWKETIRQYLKNEIKKKWRK,0.9975799566666664,0.99815977,0.9937883,0.9966112,0.99937123,0.99832827,0.99922097
RRRWCLSRRLRRRRRRRKCQ,0.9975772183333333,0.99874514,0.9942826,0.9957878,0.9985898,0.9985568,0.99950117
NYWKIRQKLKKEIKKKGKRK,0.9975646733333333,0.9978305,0.9935366,0.9965912,0.999413,0.9988875,0.99912924
TKKYIRQYLKKNIKKKKGRK,0.9975462500000001,0.9978572,0.9923235,0.9974583,0.9994537,0.999203,0.9989818
HRGQRRKKALKRYYLRKRKW,0.9975153400000001,0.9979794,0.9946067,0.995146,0.99926335,0.99875325,0.99934334
GWKERKIQYLKNEIKKKWRK,0.9974884783333332,0.9979955,0.993521,0.9963969,0.9993771,0.99846834,0.99917203
KNWYKIRQYLKNEIKKKWRK,0.9974656533333334,0.99790615,0.99351627,0.9962924,0.9993886,0.9985693,0.9991212
AGKKTIRQLKKEIKKKWKRK,0.9974155866666666,0.9982498,0.9913316,0.99739116,0.99948376,0.9991358,0.9989014
YSTRKWWKYKLQKEIKKWRK,0.9973589233333332,0.9978748,0.9933108,0.9959005,0.99929684,0.998513,0.9992576
WGRESIKWYLKKEIKKKWRK,0.9973233033333334,0.99800617,0.99342316,0.9959774,0.9993664,0.99795824,0.99920845
TKKKYYLAKKKEIKKKGGRK,0.9972995066666667,0.99751776,0.99111027,0.99774516,0.999351,0.99922675,0.9988461
HTKRRWIWKYLKKIQEGKKR,0.9972888016666667,0.9975903,0.99268216,0.99655455,0.9991129,0.9987914,0.9990015
QSWRKTKYLKKYIKKKGKKR,0.9972734083333333,0.9973543,0.9931032,0.9958623,0.99935937,0.99884593,0.99911535
TARKKIQKYYWKEIKKKGRK,0.9972675,0.99741644,0.9920142,0.99679935,0.99933815,0.9990654,0.99897146
RKKYRYYYLIPIKKEKGWIK,0.99721649,0.9973481,0.99235535,0.9967611,0.99919695,0.99867254,0.9989649
YNKKYRYMKKLEIKKKKGRK,0.9972141750000002,0.9969539,0.9930608,0.99620825,0.9993433,0.9987021,0.9990167
RRKWQRRPRRRGCRRRYRRH,0.9972109000000001,0.99833614,0.99455625,0.99425834,0.99799937,0.99858445,0.99953085
YKKKYYYLIKIKWWWEKGKI,0.99720452,0.9977748,0.99129987,0.99703705,0.99921787,0.99882793,0.9990696
YWKKYRYMYLKNEIKKKGRK,0.99718349,0.99687964,0.9931402,0.9962837,0.9993159,0.9983705,0.999111
KFYYRKSYKLKWEIKKKGRK,0.9971789333333332,0.9972372,0.9924107,0.9963967,0.9994284,0.9984689,0.9991317
AWKETIRQYLKNKIKKKWRK,0.9971704983333334,0.99764293,0.99256676,0.99590164,0.9993501,0.99855626,0.9990053
RRRRKQFRRRPPKRRPRRGR,0.9971561283333333,0.9985226,0.99422413,0.99475855,0.99746907,0.99853516,0.99942726
WGKEAIRQYKLKRIKKKGRK,0.9971446400000001,0.9975422,0.9922087,0.9962864,0.9992844,0.99850047,0.99904567
VVKRRRRRRRIRRRGGRRRK,0.9971393766666666,0.998025,0.99194866,0.9958187,0.9987982,0.9988729,0.9993728
AGKERMKYLKKEIKKKKWRK,0.9971333900000001,0.9975955,0.9920418,0.9962713,0.999315,0.99864644,0.9989303
MKEKRIQYLKKNIKKKKWRK,0.9971208666666667,0.9979061,0.99113244,0.9967753,0.9991054,0.9989186,0.99888736
DRREKKWRRLLKKIQIQRKR,0.9971141366666667,0.9980512,0.99318105,0.9952222,0.99837375,0.99875295,0.99910367
RLRWRLKRRRRRVICRRFRR,0.9971107349999998,0.9986855,0.9928112,0.99586046,0.9969602,0.9989158,0.99943125
WGKETIRWYLKNEIKKKWRK,0.9971090416666667,0.9978103,0.9924429,0.9961045,0.9992688,0.99800825,0.9990195
WGTEKIRKRKWKNEIKKGRK,0.9970911433333334,0.9977366,0.99181473,0.99640083,0.9990862,0.9986223,0.9988862
KKPRRRWLLRIRTRRRRGKC,0.996994885,0.9982553,0.9912959,0.9963332,0.99811476,0.99881035,0.9991598
NGKKIRIQKKWKEIKKKGRK,0.9969895166666666,0.99768806,0.9906257,0.99677384,0.9992429,0.9989577,0.9986489
WGRESIKKLKKTEIKKWKKI,0.996981415,0.99792683,0.9910468,0.9966038,0.99921286,0.9983974,0.9987008
